Player,Team,Pos,Games,G,A,Pts,+/-,PIM,SOG,GWG,G,A,G,A,Hits,BS
David Pastrnak,BOS,RW,34,28,20,48,12,26,134,6,13,5,0,0,31,11
Jack Eichel,BUF,C,34,23,25,48,14,16,123,4,6,9,0,0,22,22
Leon Draisaitl,EDM,C,36,21,36,57,-6,10,109,6,6,18,0,0,15,11
Alex Ovechkin,WAS,LW,35,21,12,33,-6,16,165,1,8,2,0,0,100,13
Nathan MacKinnon,COL,C,33,20,31,51,6,6,157,2,7,10,0,0,25,13
Artemi Panarin,NYR,LW,33,20,23,43,13,12,98,3,6,7,0,0,13,6
Connor McDavid,EDM,C,36,20,39,59,0,18,112,2,8,18,0,0,24,14
Auston Matthews,TOR,C,34,19,15,34,5,6,124,2,5,5,0,0,18,22
Sebastian Aho,CAR,LW,33,18,12,30,9,8,100,3,4,4,3,1,23,8
Anthony Duclair,OTT,LW,34,18,7,25,0,16,106,1,3,1,1,0,29,18
Patrick Kane,CHI,RW,34,18,22,40,-2,28,122,2,5,8,0,0,13,9
Brad Marchand,BOS,LW,34,18,32,50,18,45,90,4,3,12,0,0,27,7
Jake Guentzel,PIT,LW,33,17,19,36,6,14,104,3,4,4,0,0,43,16
Jean-Gabriel Pageau,OTT,C,34,16,8,24,18,18,78,3,0,3,3,0,61,25
Mark Scheifele,WPG,C,33,15,20,35,4,26,78,5,5,4,0,0,21,22
Max Pacioretty,VGK,LW,36,15,19,34,4,19,147,1,4,8,0,0,47,19
David Perron,STL,RW,35,15,18,33,-1,26,82,5,5,11,0,0,39,8
James Neal,EDM,RW,36,15,7,22,-16,8,84,2,10,4,0,0,46,10
Jakub Vrana,WAS,RW,35,15,14,29,8,14,104,3,0,6,0,0,13,10
Brendan Gallagher,MON,RW,33,14,12,26,6,12,126,0,0,2,0,0,33,23
Evander Kane,SJ,LW,32,14,12,26,-3,75,108,4,7,3,2,0,70,11
Brayden Schenn,STL,LW,35,14,12,26,-5,25,70,1,6,4,0,0,57,5
Elias Lindholm,CGY,RW,35,14,9,23,-7,16,83,4,5,3,0,0,46,22
Kyle Connor,WPG,LW,33,14,17,31,0,24,112,4,3,2,0,0,10,5
T.J. Oshie,WAS,RW,35,14,12,26,4,20,69,1,6,1,0,0,46,33
Nikolaj Ehlers,WPG,LW,33,14,11,25,6,15,95,3,3,0,0,0,15,13
Elias Pettersson,VAN,C,34,14,21,35,-2,8,90,4,6,11,0,0,30,21
Brett Connolly,FLA,RW,33,14,8,22,6,10,60,1,3,1,0,0,30,12
Victor Olofsson,BUF,LW,34,14,16,30,6,4,85,2,8,4,0,0,7,12
John Tavares,TOR,C,27,13,12,25,0,8,80,3,1,5,0,0,10,15
Mathew Barzal,NYI,C,31,13,14,27,14,16,66,2,3,3,0,0,5,21
J.T. Miller,VAN,C,34,13,18,31,-3,18,83,1,6,7,0,2,50,19
Reilly Smith,VGK,RW,36,13,13,26,4,8,88,2,2,2,2,2,23,15
Andrei Svechnikov,CAR,RW,33,13,21,34,10,22,92,3,5,9,0,0,58,14
Anze Kopitar,LA,C,35,13,18,31,1,10,69,3,4,6,1,0,24,27
Joonas Donskoi,COL,RW,33,13,14,27,3,12,60,1,4,1,0,0,11,18
Steven Stamkos,TB,C,28,13,16,29,-8,8,87,3,7,5,0,0,27,16
Zach Parise,MIN,LW,34,13,6,19,-10,4,78,3,5,1,1,0,18,17
Tomas Tatar,MON,LW,33,12,17,29,-2,24,80,0,4,2,0,0,35,11
Mark Stone,VGK,RW,36,12,18,30,-2,13,92,2,5,5,0,1,30,25
Dougie Hamilton,CAR,D,33,12,19,31,18,24,120,2,2,9,0,1,41,44
Zack Kassian,EDM,RW,33,12,11,23,8,43,57,1,0,0,0,0,94,6
Evgenii Dadonov,FLA,RW,33,12,12,24,1,2,84,1,5,1,0,0,18,11
John Carlson,WAS,D,35,12,33,45,18,12,98,5,2,12,0,0,27,59
Jakob Silfverberg,ANH,RW,33,12,11,23,1,10,66,1,3,1,2,0,18,17
Evgeny Kuznetsov,WAS,C,32,12,20,32,5,26,71,0,4,6,0,0,18,13
Brayden Point,TB,C,28,12,11,23,2,5,63,2,6,1,0,0,10,13
Bryan Rust,PIT,RW,19,12,10,22,12,8,69,2,4,1,1,1,30,13
Eric Staal,MIN,C,34,12,14,26,-7,22,60,4,4,2,0,0,18,12
Jason Zucker,MIN,LW,34,12,12,24,-4,10,61,1,4,3,0,0,27,20
Tomas Hertl,SJ,LW,31,12,14,26,-16,12,71,1,2,4,2,0,18,17
Roope Hintz,DAL,LW,28,12,3,15,2,4,55,2,1,2,1,0,32,15
Nick Bonino,NSH,C,32,12,8,20,13,8,62,2,1,0,0,0,8,37
Sam Reinhart,BUF,C,34,12,15,27,-1,14,65,0,1,5,0,0,21,9
Andre Burakovsky,COL,LW,30,12,11,23,0,12,58,3,1,6,0,0,7,18
Anthony Mantha,DET,RW,27,12,12,24,-5,22,94,3,4,2,0,0,32,16
Kyle Palmieri,NJ,RW,32,12,8,20,3,35,74,2,5,4,0,0,42,14
Tom Wilson,WAS,RW,35,12,10,22,7,47,76,4,1,2,1,0,129,31
Matthew Tkachuk,CGY,LW,34,12,15,27,-4,30,91,2,2,7,0,0,71,9
Conor Garland,ARI,RW,35,12,5,17,5,8,85,3,2,3,0,0,19,14
Mike Hoffman,FLA,LW,33,12,11,23,-5,12,96,1,5,5,0,0,13,8
Brock Boeser,VAN,RW,34,12,20,32,-1,12,102,2,5,8,0,0,21,7
Tyler Bertuzzi,DET,LW,35,11,16,27,-10,10,69,0,0,7,0,0,32,15
Jeff Skinner,BUF,LW,34,11,7,18,-4,14,118,1,0,3,0,0,13,7
Brady Tkachuk,OTT,LW,34,11,8,19,-8,29,130,2,1,0,0,0,130,16
Travis Konecny,PHI,C,30,11,17,28,0,8,67,1,2,7,0,0,27,13
Jonathan Huberdeau,FLA,LW,33,11,30,41,9,16,70,2,0,14,0,0,27,13
Filip Forsberg,NSH,RW,26,11,11,22,-2,14,92,0,2,3,0,0,37,4
Brock Nelson,NYI,C,31,11,14,25,2,16,97,4,2,2,0,0,25,25
Timo Meier,SJ,LW,35,11,11,22,-9,18,94,1,1,0,0,0,71,22
William Nylander,TOR,C,34,11,12,23,-2,8,92,0,2,3,0,0,6,7
Aleksander Barkov,FLA,C,33,11,26,37,3,14,98,2,6,6,0,0,10,16
Mika Zibanejad,NYR,C,20,11,12,23,4,4,64,2,4,3,2,2,24,16
Joel Armia,MON,RW,31,11,7,18,5,10,104,2,3,0,1,0,87,16
Nazem Kadri,COL,C,30,11,11,22,3,44,77,1,3,4,0,0,42,5
Logan Couture,SJ,C,35,11,21,32,5,18,87,2,0,8,0,2,37,27
Calle Jarnkrok,NSH,C,32,11,11,22,2,6,73,1,2,2,2,0,14,6
Brandon Saad,CHI,LW,34,11,8,19,-1,10,82,3,0,0,2,0,24,12
Oskar Lindblom,PHI,LW,30,11,7,18,4,4,72,0,3,1,0,0,31,16
Ryan Getzlaf,ANH,C,33,10,15,25,2,29,77,5,2,2,0,0,59,39
Patrice Bergeron,BOS,C,25,10,17,27,10,12,92,0,3,7,0,0,24,16
Jonathan Marchessault,VGK,LW,36,10,14,24,-7,12,126,2,3,5,0,0,66,7
Jeff Carter,LA,C,35,10,5,15,-9,26,116,5,2,1,0,0,35,14
Shea Weber,MON,D,33,10,17,27,11,16,101,2,2,4,0,0,55,63
Pierre-Luc Dubois,CLS,C,33,10,10,20,-8,29,82,1,1,5,0,0,41,28
Claude Giroux,PHI,C,33,10,12,22,5,18,102,4,3,5,0,1,30,11
Nikita Kucherov,TB,RW,30,10,24,34,4,16,85,1,2,13,0,0,17,12
William Karlsson,VGK,C,36,10,18,28,4,14,76,1,2,3,2,3,28,26
Anthony Beauvillier,NYI,LW,31,10,11,21,9,6,63,2,2,2,1,0,34,18
Patrik Laine,WPG,RW,31,10,21,31,8,10,94,0,2,5,0,0,49,15
Sean Monahan,CGY,C,35,10,18,28,-11,10,87,2,3,6,0,0,37,10
Jared McCann,PIT,C,31,9,10,19,13,4,60,2,1,1,0,0,51,15
Blake Coleman,NJ,C,32,9,7,16,2,24,75,1,0,0,0,0,95,24
Alex Killorn,TB,C,29,9,17,26,6,10,63,2,4,5,0,0,19,8
Tyler Toffoli,LA,RW,34,9,11,20,-3,14,85,1,1,1,0,0,16,3
Alexander Radulov,DAL,RW,34,9,13,22,12,30,90,2,4,2,0,0,29,27
Oliver Bjorkstrand,CLS,RW,33,9,9,18,-2,10,112,2,2,3,0,0,29,15
Jake Virtanen,VAN,LW,34,9,8,17,0,16,63,3,1,0,0,0,54,13
Oskar Sundqvist,STL,C,29,9,7,16,4,16,47,1,0,0,1,0,28,14
Blake Wheeler,WPG,RW,33,9,17,26,-5,16,86,1,1,7,0,0,57,25
Jaden Schwartz,STL,LW,35,9,15,24,-9,6,80,2,4,6,0,0,26,18
Anders Lee,NYI,C,31,9,9,18,6,31,71,2,1,3,0,0,63,19
Adam Henrique,ANH,C,33,9,7,16,5,12,76,0,0,1,0,0,34,15
Derek Grant,ANH,C,33,9,3,12,-1,24,49,2,1,0,2,0,28,17
Ondrej Palat,TB,LW,31,9,7,16,7,14,70,2,2,2,1,0,72,28
Bo Horvat,VAN,C,34,9,17,26,-10,6,94,0,6,4,0,0,25,29
Mikko Rantanen,COL,RW,17,9,13,22,2,2,42,3,4,3,0,0,13,11
Rickard Rakell,ANH,C,33,9,15,24,6,6,95,0,1,4,0,3,41,11
Robby Fabbri,DET,LW,27,9,7,16,-15,10,42,2,5,2,0,0,31,4
Roman Josi,NSH,D,32,9,20,29,11,23,117,0,3,8,0,0,24,52
Carl Soderberg,ARI,C,35,9,10,19,1,8,52,0,4,3,0,0,36,17
Johnny Gaudreau,CGY,LW,35,9,17,26,-8,10,101,0,3,6,0,0,1,3
Paul Stastny,VGK,C,36,8,6,14,-7,18,67,3,4,2,0,0,41,18
Dominik Kahun,PIT,C,32,8,9,17,8,8,53,2,0,1,0,0,5,10
Alex DeBrincat,CHI,RW,34,8,16,24,0,11,97,0,5,3,0,0,37,14
Cale Makar,COL,D,29,8,20,28,10,0,58,3,2,10,0,0,19,30
Dominik Kubalik,CHI,LW,32,8,5,13,-1,6,69,0,2,2,0,0,48,11
Erik Haula,CAR,C,16,8,3,11,0,6,33,1,3,2,0,0,5,5
Kasperi Kapanen,TOR,RW,34,8,10,18,-4,6,55,1,0,3,2,0,49,10
Christian Dvorak,ARI,LW,35,8,13,21,8,4,59,2,3,3,0,0,21,20
Cam Atkinson,CLS,RW,33,8,11,19,-5,6,109,1,3,4,0,0,16,19
Matt Duchene,NSH,C,31,8,13,21,-4,12,68,0,3,2,0,0,16,9
James van Riemsdyk,PHI,LW,33,8,9,17,4,6,81,0,1,1,0,0,14,6
Evgeni Malkin,PIT,C,20,8,19,27,8,8,68,2,2,4,0,0,8,10
Josh Bailey,NYI,LW,31,8,14,22,1,8,37,2,1,5,1,0,12,22
Sean Couturier,PHI,C,33,8,16,24,6,14,87,1,1,4,0,0,28,16
Kevin Hayes,PHI,C,33,8,9,17,-8,14,81,1,1,1,1,0,48,10
Dylan Larkin,DET,C,35,8,13,21,-10,19,113,0,4,2,0,0,27,20
Kevin Fiala,MIN,LW,29,8,11,19,1,20,59,0,1,3,0,0,17,10
Kevin Labanc,SJ,RW,35,8,11,19,-18,26,84,2,2,2,0,0,25,7
Jake DeBrusk,BOS,LW,29,8,8,16,4,8,65,0,2,1,0,0,12,6
Noel Acciari,FLA,C,30,8,2,10,-3,4,43,3,0,0,0,0,53,46
Tanner Pearson,VAN,LW,34,8,13,21,0,10,92,1,1,5,2,1,43,18
Chris Kreider,NYR,LW,33,8,10,18,3,34,71,1,3,2,0,0,60,25
Tyler Ennis,OTT,LW,34,8,9,17,-4,16,71,1,3,1,0,0,32,16
Filip Chytil,NYR,C,24,8,3,11,6,6,52,2,0,0,0,0,4,15
Phillip Danault,MON,C,33,7,18,25,9,8,50,0,0,2,0,0,62,15
Lars Eller,WAS,C,35,7,10,17,8,20,84,0,1,1,1,0,28,22
Mats Zuccarello,MIN,RW,30,7,11,18,-6,10,41,1,2,3,0,0,7,20
Gustav Nyquist,CLS,RW,33,7,14,21,-4,10,74,2,2,3,0,0,16,11
Tyler Seguin,DAL,C,35,7,19,26,4,14,124,2,0,5,0,0,49,15
Colton Sissons,NSH,RW,32,7,6,13,2,8,32,2,0,0,1,0,52,18
Luke Kunin,MIN,C,33,7,5,12,-13,21,67,1,0,0,0,0,35,29
Anthony DeAngelo,NYR,D,33,7,16,23,0,19,60,1,2,5,0,0,17,21
David Krejci,BOS,C,28,7,16,23,15,6,42,2,2,4,0,0,23,17
Michael Grabner,ARI,RW,33,7,3,10,7,6,46,0,0,0,1,0,16,5
Kris Letang,PIT,D,25,7,15,22,6,8,86,1,1,5,0,0,42,32
Jamie Benn,DAL,C,35,7,9,16,-1,14,88,3,3,2,0,0,84,32
Josh Leivo,VAN,LW,34,7,10,17,1,4,67,0,0,3,0,0,15,7
Frank Vatrano,FLA,LW,33,7,6,13,-6,10,78,0,1,0,1,0,33,31
Filip Hronek,DET,D,33,7,11,18,-12,17,68,0,1,4,0,0,45,39
Ivan Provorov,PHI,D,33,7,13,20,5,16,72,3,4,6,0,0,35,53
Vladislav Namestnikov,OTT,C,31,7,9,16,-2,29,54,2,1,2,1,2,46,25
Tyler Johnson,TB,C,27,7,7,14,0,2,55,1,0,3,0,0,33,5
Jonathan Toews,CHI,C,34,7,17,24,-5,28,86,2,1,3,0,0,26,18
Dustin Brown,LA,RW,35,7,11,18,2,12,86,0,0,2,0,0,81,7
Radek Faksa,DAL,C,35,7,6,13,-3,14,60,2,1,0,0,0,39,21
Dylan Strome,CHI,C,30,7,16,23,7,10,43,0,2,4,0,0,12,11
Clayton Keller,ARI,C,35,7,16,23,-5,12,107,0,1,10,0,0,12,4
Victor Hedman,TB,D,29,7,21,28,-3,17,67,1,3,13,0,0,34,42
Joe Pavelski,DAL,RW,35,7,8,15,1,16,67,2,3,2,0,0,26,26
Phil Kessel,ARI,RW,35,7,12,19,-18,10,85,0,6,5,0,0,9,16
Derick Brassard,NYI,C,31,7,10,17,2,8,52,1,1,3,0,0,54,15
Alex Pietrangelo,STL,D,35,7,17,24,3,8,105,2,3,9,0,1,19,39
Teuvo Teravainen,CAR,C,33,7,26,33,10,6,94,0,2,13,1,2,10,12
Jonathan Drouin,MON,C,19,7,8,15,4,6,44,1,1,3,0,0,22,4
Jakob Chychrun,ARI,D,35,7,6,13,2,26,80,1,2,1,0,0,41,57
Miro Heiskanen,DAL,D,35,7,14,21,9,6,89,0,0,4,0,0,12,49
Anthony Cirelli,TB,C,30,6,15,21,4,14,49,0,1,2,0,1,38,19
Max Domi,MON,C,33,6,14,20,4,14,82,1,1,7,0,0,13,6
Michael Amadio,LA,C,33,6,7,13,-3,6,55,0,0,3,0,0,16,11
Jujhar Khaira,EDM,C,34,6,0,6,-13,12,42,1,0,0,0,0,67,12
Jack Roslovic,WPG,RW,33,6,7,13,9,8,60,0,1,1,0,0,30,6
Cam Fowler,ANH,D,33,6,10,16,8,6,71,2,1,3,0,0,15,36
Denis Gurianov,DAL,RW,30,6,4,10,2,9,66,2,2,2,0,0,30,9
Nick Suzuki,MON,C,33,6,9,15,-3,4,51,0,2,2,0,0,25,13
Adam Gaudette,VAN,C,24,6,8,14,-2,6,31,0,3,3,0,0,15,13
Gabriel Landeskog,COL,LW,17,6,4,10,-3,20,39,2,1,2,0,0,34,8
Ryan Strome,NYR,C,33,6,22,28,6,22,46,2,1,7,0,0,18,15
Boone Jenner,CLS,LW,33,6,4,10,-13,22,69,0,1,1,0,0,60,33
Ryan Dzingel,CAR,C,33,6,12,18,1,19,52,1,3,2,0,0,16,12
Nick Schmaltz,ARI,RW,35,6,17,23,2,12,50,2,1,5,0,0,7,19
Ryan Donato,MIN,C,31,6,4,10,4,6,50,0,0,0,0,0,23,4
Ryan O'Reilly,STL,C,35,6,25,31,-2,4,59,2,2,9,0,0,13,19
Mathieu Perreault,WPG,C,33,6,6,12,-2,4,52,0,1,0,0,0,43,14
Ryan Nugent-Hopkins,EDM,LW,30,6,12,18,-7,16,71,2,4,6,0,0,19,21
Patrick Marleau,SJ,LW,31,6,5,11,-6,8,51,1,1,0,0,0,31,11
Nicklas Backstrom,WAS,C,27,6,17,23,-3,6,61,0,1,7,0,0,12,18
Viktor Arvidsson,NSH,LW,22,6,9,15,1,4,50,0,2,2,0,0,13,8
Jesper Bratt,NJ,LW,27,6,3,9,-10,2,37,1,0,0,0,0,10,8
Alexandre Texier,CLS,C,29,6,4,10,2,8,41,1,0,1,0,0,19,6
Kaapo Kakko,NYR,RW,31,6,8,14,-10,8,57,1,2,7,0,0,10,4
Warren Foegele,CAR,LW,33,6,8,14,7,10,65,0,0,0,2,0,40,9
Barclay Goodrow,SJ,LW,35,6,8,14,3,48,50,2,0,0,0,1,70,33
Ryan Johansen,NSH,C,32,6,13,19,-5,33,50,1,2,6,0,0,24,14
Matt Calvert,COL,LW,26,6,11,17,9,21,49,1,0,0,2,0,29,11
Taylor Hall,ARI,LW,30,6,19,25,-11,20,109,0,2,10,0,0,25,9
Patric Hornqvist,PIT,RW,20,6,5,11,3,17,50,1,1,1,0,0,50,20
Charlie Coyle,BOS,C,34,6,10,16,2,10,68,1,0,2,0,0,39,15
Valeri Nichushkin,COL,LW,29,6,4,10,10,5,55,2,0,0,1,0,37,11
Lawson Crouse,ARI,LW,31,6,3,9,-2,15,43,1,0,0,0,0,93,13
Andreas Johnsson,TOR,LW,30,6,10,16,2,14,66,1,4,1,0,0,30,13
Zach Hyman,TOR,RW,15,6,2,8,3,2,36,1,1,1,1,0,13,8
Alex Kerfoot,TOR,C,29,6,5,11,0,20,45,1,1,1,0,0,27,23
Brandon Tanev,PIT,LW,33,6,10,16,4,6,44,1,0,1,2,0,134,30
Martin Necas,CAR,C,29,6,10,16,-2,10,41,2,2,0,0,0,29,10
Jakub Voracek,PHI,LW,33,6,16,22,3,17,57,1,2,5,0,0,13,10
Drew Doughty,LA,D,35,6,16,22,-5,12,82,2,4,5,0,1,68,54
Zach Werenski,CLS,D,26,6,10,16,-6,8,65,1,2,5,0,0,18,29
Artturi Lehkonen,MON,LW,33,6,7,13,5,16,66,1,0,0,0,0,69,20
Yanni Gourde,TB,LW,31,6,10,16,0,21,52,3,1,4,0,0,28,12
Andrew Mangiapane,CGY,LW,33,6,4,10,2,10,41,1,0,0,0,0,33,9
Mitch Marner,TOR,C,23,6,19,25,-1,6,58,0,3,6,0,1,9,18
Alex Tuch,VGK,RW,19,5,5,10,-1,4,45,1,2,2,0,0,18,9
Ivan Barbashev,STL,LW,34,5,10,15,2,7,39,1,0,0,1,1,71,22
Marc-Edouard Vlasic,SJ,D,35,5,5,10,1,0,33,1,0,0,1,0,24,52
Patrick Maroon,TB,LW,29,5,6,11,-1,36,45,0,1,1,0,0,49,4
Ryan Ellis,NSH,D,32,5,18,23,11,13,76,1,0,4,0,0,30,60
Chandler Stephenson,VGK,RW,31,5,3,8,9,8,25,2,0,1,0,1,27,17
Brandon Sutter,VAN,C,21,5,3,8,3,7,42,0,0,0,0,0,8,9
Derek Stepan,ARI,C,35,5,6,11,-4,10,73,2,1,4,0,0,21,20
Marcus Sorensen,SJ,RW,32,5,4,9,-10,20,38,0,0,0,0,0,29,6
Mackenzie MacEachern,STL,LW,28,5,2,7,2,9,34,1,0,0,0,0,50,7
David Kampf,CHI,RW,34,5,3,8,-10,4,49,1,0,0,1,0,30,16
Nikita Gusev,NJ,LW,29,5,9,14,-7,12,68,0,0,2,0,0,7,4
Adam Fox,NYR,D,33,5,12,17,3,12,53,2,1,7,0,0,11,45
Andrew Copp,WPG,C,33,5,9,14,0,6,65,1,0,0,0,1,33,13
Garnet Hathaway,WAS,RW,32,5,5,10,3,47,35,1,0,0,0,1,90,22
Brent Burns,SJ,D,35,5,16,21,-23,26,94,0,2,7,0,1,37,44
Austin Watson,NSH,LW,32,5,6,11,3,40,32,1,0,0,0,2,70,34
Tyler Bozak,STL,C,35,5,10,15,2,6,53,0,0,1,1,0,22,18
Darren Helm,DET,C,34,5,3,8,2,27,46,0,0,0,0,1,37,15
Andreas Athanasiou,DET,C,31,5,11,16,-35,8,73,0,1,3,0,0,20,15
Nico Hischier,NJ,C,27,5,11,16,-7,4,57,0,1,4,1,0,27,15
Tyson Jost,COL,C,30,5,4,9,6,12,56,0,0,1,0,0,21,9
Danton Heinen,BOS,C,34,5,8,13,5,4,51,2,2,2,0,0,14,25
Jacob Trouba,NYR,D,33,5,12,17,0,14,91,1,2,4,0,2,82,62
Brad Hunt,MIN,D,34,5,7,12,-4,0,53,0,2,5,0,0,6,19
Zdeno Chara,BOS,D,34,5,8,13,18,32,51,2,0,0,0,0,41,55
Sidney Crosby,PIT,C,17,5,12,17,-1,7,46,0,1,2,0,0,17,7
Kirby Dach,CHI,C,28,5,5,10,-3,8,38,2,0,1,0,0,13,8
Sammy Blais,STL,LW,20,5,3,8,2,10,29,1,0,0,0,0,70,6
Connor Brown,OTT,RW,34,5,15,20,2,10,78,0,0,1,0,0,11,22
Carter Rowney,ANH,C,33,5,3,8,0,12,38,1,0,0,1,0,95,16
Vince Dunn,STL,D,35,5,4,9,7,10,74,1,3,2,0,0,23,22
Christian Fischer,ARI,RW,34,5,2,7,9,8,62,1,0,0,0,0,78,16
Conor Sheary,BUF,LW,28,5,4,9,3,4,46,1,1,1,0,0,18,15
Aaron Ekblad,FLA,D,32,5,16,21,13,16,81,1,0,1,0,1,15,41
Ryan Graves,COL,D,32,5,8,13,22,29,54,0,0,0,0,1,48,72
Brendan Lemieux,NYR,LW,31,5,7,12,-6,71,51,0,1,1,1,1,79,36
Zemgus Girgensons,BUF,C,34,5,4,9,2,8,41,1,0,0,0,0,51,8
Matt Nieto,COL,LW,33,5,10,15,8,2,44,1,0,0,1,0,22,8
Mattias Ekholm,NSH,D,31,5,11,16,2,12,78,2,0,1,1,1,23,49
Marcus Johansson,BUF,LW,27,5,9,14,0,14,27,1,1,2,0,0,24,11
Artem Anisimov,OTT,C,16,5,1,6,-7,4,29,0,1,0,0,0,3,8
Kyle Turris,NSH,C,25,5,8,13,-4,8,40,2,2,1,0,0,5,6
Kevin Shattenkirk,TB,D,31,5,17,22,10,18,73,0,1,5,0,0,27,31
Shayne Gostisbehere,PHI,D,30,5,6,11,-3,16,49,1,1,4,0,0,13,24
Pavel Buchnevich,NYR,LW,33,5,14,19,-1,10,57,0,1,3,0,0,33,13
Jesper Fast,NYR,RW,32,5,7,12,6,12,34,0,0,0,1,0,53,18
Derek Ryan,CGY,C,35,5,12,17,8,4,55,0,0,2,0,1,8,17
Alex Iafallo,LA,C,35,5,11,16,-3,10,66,2,1,2,0,0,23,21
Ilya Mikheyev,TOR,RW,34,5,13,18,7,4,83,1,0,0,0,0,26,13
Cody Glass,VGK,C,32,4,7,11,-7,6,42,0,1,5,0,0,12,5
Vinnie Hinostroza,ARI,C,35,4,10,14,6,6,58,0,0,1,0,0,25,12
Jordan Greenway,MIN,LW,32,4,8,12,-1,25,43,1,0,1,0,0,56,16
Wayne Simmonds,NJ,RW,32,4,8,12,-11,30,70,0,3,1,0,0,74,14
Brian Boyle,FLA,C,24,4,4,8,-3,13,36,0,0,0,0,0,42,23
Michael Frolik,CGY,LW,33,4,4,8,-11,20,37,1,0,0,0,0,15,9
Jason Spezza,TOR,C,23,4,8,12,-5,12,30,0,1,2,0,0,7,10
Mikael Granlund,NSH,C,28,4,8,12,-2,12,64,0,0,1,0,0,18,22
Johan Larsson,BUF,C,31,4,8,12,7,16,33,0,0,0,0,0,43,18
Vincent Trocheck,FLA,C,26,4,11,15,3,16,62,0,0,2,1,0,38,19
Scott Mayfield,NYI,D,31,4,5,9,5,17,52,1,0,0,0,1,53,50
Adam Lowry,WPG,LW,31,4,3,7,2,16,40,1,0,0,1,0,84,16
Nick Cousins,MON,C,27,4,6,10,1,4,56,0,2,1,0,0,44,15
Tim Schaller,VAN,C,33,4,0,4,-8,10,36,0,0,0,1,0,30,17
Nikolay Prokhorkin,LA,LW,15,4,3,7,3,2,18,1,0,0,0,0,15,2
Carson Soucy,MIN,D,31,4,4,8,16,6,30,1,0,0,1,0,36,26
Ethan Bear,EDM,D,36,4,6,10,-6,20,42,1,1,0,0,0,34,48
Tomas Nosek,VGK,LW,33,4,2,6,1,8,46,0,0,0,1,0,38,16
Casey Cizikas,NYI,C,26,4,4,8,8,16,38,1,0,0,1,2,79,23
Mathieu Joseph,TB,RW,30,4,3,7,-2,14,28,0,0,0,0,1,35,8
Robert Thomas,STL,C,30,4,12,16,7,6,38,2,0,0,0,0,6,6
Eric Robinson,CLS,LW,13,4,3,7,4,4,16,2,0,0,0,0,18,3
Travis Zajac,NJ,C,32,4,6,10,-2,12,35,0,0,0,0,0,34,14
Keith Yandle,FLA,D,33,4,25,29,6,8,67,0,2,13,0,0,10,33
Alex Chiasson,EDM,RW,31,4,8,12,-4,18,46,1,3,4,0,0,27,11
Rocco Grimaldi,NSH,C,29,4,11,15,6,4,47,1,0,0,0,0,10,4
Jason Dickinson,DAL,C,31,4,6,10,5,2,39,1,0,0,0,1,48,24
Brady Skjei,NYR,D,32,4,9,13,2,31,69,0,0,0,0,1,50,40
Pierre-Edouard Bellemare,COL,C,32,4,6,10,8,10,30,0,0,0,0,1,17,22
Adrian Kempe,LA,C,34,4,7,11,-4,19,67,0,1,1,0,1,36,4
Lucas Wallmark,CAR,C,33,4,6,10,-3,10,42,0,0,2,0,0,29,14
Sean Walker,LA,D,35,4,10,14,5,14,62,0,0,1,0,0,40,50
Ryan Pulock,NYI,D,31,4,11,15,1,6,65,2,1,3,0,0,36,60
Luke Glendening,DET,RW,24,4,1,5,-10,4,34,1,0,0,1,0,71,27
Ryan Hartman,MIN,RW,34,4,5,9,2,42,49,1,0,0,0,0,20,27
Nick Foligno,CLS,LW,30,4,9,13,-10,26,55,0,2,1,0,1,94,19
Blake Comeau,DAL,LW,21,4,3,7,-2,22,35,0,0,0,1,0,45,4
Kyle Clifford,LA,LW,34,4,5,9,2,36,53,0,0,0,0,0,58,7
Alexander Edler,VAN,D,27,4,11,15,-5,34,61,1,1,5,0,0,54,80
Nino Niederreiter,CAR,RW,33,4,9,13,-6,22,51,1,2,2,0,0,22,11
Teddy Blueger,PIT,C,33,4,5,9,-2,17,48,1,0,0,0,2,44,18
Jimmy Vesey,BUF,LW,31,4,6,10,9,9,49,1,0,0,1,0,15,9
Alexander Nylander,CHI,RW,33,4,8,12,-8,8,51,1,0,2,0,0,13,8
Casey Mittelstadt,BUF,C,31,4,5,9,-5,2,34,1,1,1,0,0,11,8
Zach Aston-Reese,PIT,C,33,4,3,7,0,18,62,0,0,0,1,0,75,19
Jack Hughes,NJ,C,29,4,8,12,-8,6,58,1,3,2,0,0,6,10
Sam Lafferty,PIT,RW,26,4,6,10,6,15,35,1,0,0,0,0,56,13
Scott Laughton,PHI,C,19,4,5,9,0,0,24,1,0,0,0,0,45,10
Ben Chiarot,MON,D,33,4,7,11,8,18,72,2,0,0,0,0,85,57
Seth Jones,CLS,D,33,4,13,17,-5,14,75,0,1,5,0,0,34,69
Anders Bjork,BOS,LW,26,4,5,9,3,2,35,0,1,0,0,0,17,11
Torey Krug,BOS,D,29,4,18,22,3,12,64,2,0,13,0,0,16,26
Mark Giordano,CGY,D,35,4,13,17,-2,24,85,0,1,4,0,0,24,89
Matt Niskanen,PHI,D,33,4,10,14,2,17,65,0,2,5,0,0,63,40
William Carrier,VGK,LW,36,4,5,9,1,23,54,1,0,0,0,0,98,6
Chris Tierney,OTT,C,34,4,13,17,-5,6,41,1,1,0,1,0,22,16
Sami Vatanen,NJ,D,28,4,9,13,-2,10,61,0,1,5,0,0,30,51
Mikhail Sergachev,TB,D,31,4,12,16,1,28,51,0,2,3,0,0,38,41
Devon Toews,NYI,D,31,3,10,13,8,8,56,1,1,2,0,0,22,32
Dante Fabbro,NSH,D,32,3,5,8,2,24,40,0,0,0,0,0,24,43
Jesper Boqvist,NJ,C,19,3,0,3,-3,6,28,0,0,0,0,0,28,10
Justin Dowling,DAL,C,22,3,2,5,1,8,23,1,0,0,0,0,23,9
Frederik Gauthier,TOR,C,30,3,3,6,-1,10,24,0,0,0,0,0,41,13
Sonny Milano,CLS,LW,30,3,8,11,-3,16,40,1,0,1,0,0,18,7
Melker Karlsson,SJ,C,32,3,3,6,-8,12,20,0,0,0,0,0,26,24
Austin Wagner,LA,LW,31,3,3,6,-2,22,68,0,0,0,0,0,77,8
Kyle Okposo,BUF,RW,24,3,4,7,1,20,32,1,0,0,0,0,25,6
Corey Perry,DAL,RW,28,3,8,11,1,11,37,0,0,3,0,0,25,16
Victor Rask,MIN,C,24,3,5,8,7,2,21,1,0,0,0,0,14,5
Travis Dermott,TOR,D,21,3,2,5,7,9,29,1,0,0,0,0,27,21
Josh Morrissey,WPG,D,31,3,16,19,2,8,64,0,1,7,0,0,18,27
Damon Severson,NJ,D,32,3,4,7,-11,15,40,1,0,0,0,0,34,42
Mattias Janmark,DAL,C,29,3,8,11,1,4,32,0,0,2,1,1,9,18
Chris Wagner,BOS,RW,33,3,4,7,-4,15,35,0,0,0,1,0,89,13
Morgan Rielly,TOR,D,34,3,19,22,0,20,88,2,0,6,0,0,26,46
Mikael Backlund,CGY,C,35,3,11,14,1,22,71,2,1,2,0,0,22,7
Ilya Kovalchuk,FA,RW,17,3,6,9,-10,12,35,0,1,2,0,0,12,9
Milan Lucic,CGY,LW,33,3,5,8,-6,34,45,1,2,1,0,0,88,10
Joel Farabee,PHI,LW,27,3,8,11,-1,35,44,0,0,0,0,0,17,8
Neal Pionk,WPG,D,33,3,16,19,9,10,73,1,1,9,0,0,61,36
Matt Roy,LA,D,35,3,8,11,2,4,57,0,0,0,0,0,53,53
Emil Bemstrom,CLS,C,28,3,6,9,-2,2,39,1,2,1,0,0,26,8
Zach Sanford,STL,LW,27,3,7,10,3,14,33,1,0,0,0,0,44,11
Brett Pesce,CAR,D,33,3,7,10,4,14,61,0,0,0,0,1,14,56
Joakim Nordstrom,BOS,C,23,3,1,4,-1,4,29,0,0,0,0,0,45,12
Antoine Roussel,VAN,LW,6,3,1,4,2,8,12,0,0,0,0,0,8,3
Oscar Klefbom,EDM,D,36,3,19,22,-18,8,94,0,1,12,0,0,29,113
Marcus Foligno,MIN,LW,24,3,6,9,5,9,28,0,0,0,0,0,84,11
Erik Karlsson,SJ,D,34,3,22,25,-4,12,69,0,1,6,0,0,18,48
Michael Raffl,PHI,LW,28,3,6,9,-4,2,28,1,0,0,0,0,32,14
MacKenzie Weegar,FLA,D,25,3,9,12,0,22,45,0,0,0,0,0,41,31
Denis Malgin,FLA,C,28,3,6,9,-7,6,41,0,1,0,0,1,19,11
Erik Gustafsson,CHI,D,33,3,10,13,-4,19,56,0,0,5,0,0,45,27
Trevor Moore,TOR,LW,21,3,2,5,-1,4,36,0,0,0,0,1,46,12
Philippe Myers,PHI,D,18,3,6,9,14,12,23,0,0,0,0,0,30,14
Will Butcher,NJ,D,30,3,6,9,-9,4,36,1,0,0,0,0,17,41
Jaccob Slavin,CAR,D,33,3,14,17,14,6,72,2,0,0,0,1,22,58
Nick Paul,OTT,LW,29,3,6,9,0,15,47,1,0,1,0,0,67,20
Shea Theodore,VGK,D,36,3,14,17,4,14,95,0,0,7,0,0,12,38
Brendan Leipsic,WAS,LW,35,3,6,9,2,4,32,1,0,1,0,0,29,10
Jordan Weal,MON,C,25,3,1,4,-6,10,37,1,1,0,0,0,15,12
Nick Holden,VGK,D,27,3,3,6,-4,4,41,0,1,0,0,1,57,37
Cal Clutterbuck,NYI,RW,31,3,4,7,9,20,34,0,0,0,1,1,105,34
Alex Goligoski,ARI,D,35,3,15,18,10,16,57,0,2,4,0,0,54,68
Jordan Staal,CAR,C,33,3,7,10,0,18,58,0,1,1,0,0,73,18
Troy Terry,ANH,C,32,3,5,8,-6,6,42,0,0,0,0,0,2,5
Jesperi Kotkaniemi,MON,C,22,3,2,5,-6,2,29,0,0,1,0,0,42,10
Gaetan Haas,EDM,C,28,3,4,7,-1,2,25,0,0,1,0,0,29,16
Cody Eakin,VGK,C,24,3,4,7,-6,12,38,0,0,1,0,0,19,9
Brendan Smith,NYR,D,33,3,3,6,-5,29,27,0,0,0,1,1,56,15
Jordan Eberle,NYI,RW,21,3,9,12,-1,4,44,0,1,4,0,0,8,13
Cedric Paquette,TB,C,23,3,6,9,-4,20,31,0,0,0,1,0,76,22
J.T. Compher,COL,C,30,3,14,17,14,8,45,0,0,2,0,2,19,23
Joel Edmundson,CAR,D,33,3,6,9,10,41,49,0,0,0,0,0,54,46
Andrew Shaw,CHI,C,26,3,7,10,-4,33,46,0,1,1,0,0,74,9
Jared Spurgeon,MIN,D,28,3,13,16,-6,8,51,0,0,4,0,0,24,56
Drake Caggiula,CHI,LW,15,3,1,4,-2,4,15,0,0,0,0,0,37,7
Michal Kempny,WAS,D,27,3,9,12,10,16,27,0,0,0,0,0,15,42
Sean Kuraly,BOS,C,34,3,8,11,1,18,50,0,0,1,0,1,75,15
Miles Wood,NJ,LW,32,3,6,9,-11,22,60,1,0,0,0,0,39,9
Henri Jokiharju,BUF,D,34,3,7,10,4,22,42,0,1,0,0,0,29,30
Brett Howden,NYR,C,33,3,5,8,-6,4,32,1,0,0,0,2,32,34
Blake Lizotte,LA,LW,35,3,9,12,0,8,49,0,0,1,1,0,21,10
Max Jones,ANH,LW,23,3,2,5,0,10,41,0,0,0,0,0,24,4
Victor Mete,MON,D,26,3,5,8,6,10,34,1,0,0,0,0,9,34
John Marino,PIT,D,31,3,10,13,9,8,45,0,1,1,0,0,46,40
Sam Bennett,CGY,LW,20,3,2,5,3,20,37,0,0,1,0,0,41,6
Thomas Chabot,OTT,D,34,3,18,21,-7,20,87,0,0,6,0,0,41,38
Markus Granlund,EDM,C,29,3,1,4,-2,14,22,1,0,0,0,0,13,18
Ryan Reaves,VGK,RW,36,3,3,6,-1,26,31,0,0,0,0,0,157,14
Tyson Barrie,TOR,D,34,3,10,13,-11,6,85,0,1,2,0,0,27,34
Vladimir Tarasenko,STL,RW,10,3,7,10,-2,0,26,0,1,2,0,0,17,7
Brent Seabrook,CHI,D,32,3,1,4,1,8,40,1,1,0,0,0,52,61
Valtteri Filppula,DET,C,35,3,10,13,-25,12,30,0,0,2,1,0,15,11
Jeff Petry,MON,D,33,3,13,16,-5,20,69,1,2,3,0,0,93,35
Jake Muzzin,TOR,D,33,3,10,13,6,24,63,0,0,0,0,1,74,54
Ryan Suter,MIN,D,34,3,19,22,-7,8,44,1,1,8,0,0,31,42
Ondrej Kase,ANH,RW,27,3,9,12,-1,4,64,0,0,1,0,0,7,4
Nick Ritchie,ANH,LW,27,3,7,10,-3,54,49,1,1,1,0,0,46,9
Noah Hanifin,CGY,D,35,3,5,8,-14,6,69,0,1,2,0,0,54,51
Brock McGinn,CAR,LW,33,3,4,7,0,13,49,1,0,0,1,0,35,10
Mathew Dumba,MIN,D,34,3,6,9,-11,31,75,0,0,3,0,1,56,43
Dominic Toninato,FLA,LW,15,3,0,3,-1,7,13,0,0,0,0,0,22,5
Dillon Dube,CGY,C,13,3,4,7,3,2,14,1,0,0,0,0,16,2
Dmytro Timashov,TOR,LW,22,2,5,7,2,8,18,0,0,0,0,0,58,7
Dominik Simon,PIT,C,33,2,11,13,-4,6,62,0,0,1,0,0,24,11
Connor Clifton,BOS,D,25,2,0,2,4,6,19,0,0,0,0,0,70,28
Quinn Hughes,VAN,D,33,2,24,26,-6,8,55,0,1,13,0,0,4,21
Maxime Comtois,ANH,LW,17,2,4,6,0,10,20,0,1,1,0,0,38,4
Tobias Rieder,CGY,RW,26,2,3,5,-7,2,36,0,0,0,1,0,12,9
Darnell Nurse,EDM,D,36,2,15,17,-3,29,87,0,0,2,0,0,75,55
Rasmus Ristolainen,BUF,D,34,2,14,16,9,28,68,0,1,2,0,0,103,40
Tyler Graovac,VAN,C,8,2,0,2,-2,2,5,0,2,0,0,0,6,3
Bryan Little,WPG,C,7,2,3,5,4,2,13,1,0,0,0,0,3,3
Colton Sceviour,FLA,RW,33,2,6,8,-3,2,53,0,0,0,0,0,33,25
Dmitry Orlov,WAS,D,35,2,12,14,-1,14,52,1,1,2,0,0,55,42
Jack Johnson,PIT,D,31,2,3,5,9,10,27,0,0,0,0,0,90,37
Andrew Cogliano,DAL,LW,34,2,5,7,0,18,31,0,0,0,0,0,39,15
Anton Stralman,FLA,D,33,2,8,10,-8,6,41,1,0,0,0,1,35,48
Madison Bowey,DET,D,24,2,8,10,-11,18,30,0,0,0,0,0,22,23
Kurtis MacDermid,LA,D,20,2,1,3,-1,27,27,0,0,0,0,0,43,23
Michael Dal Colle,NYI,LW,26,2,2,4,0,10,17,0,0,0,0,0,34,10
Erik Cernak,TB,D,28,2,2,4,-1,23,58,0,0,0,0,0,68,34
Alexander Wennberg,CLS,C,32,2,8,10,-3,10,42,0,1,3,0,0,10,15
Jacob De La Rose,STL,C,32,2,5,7,7,4,32,0,0,0,0,0,76,12
Craig Smith,NSH,RW,32,2,7,9,8,12,73,0,0,1,0,0,30,8
Markus Nutivaara,CLS,D,10,2,0,2,-1,2,14,0,0,0,0,0,12,11
Rasmus Andersson,CGY,D,35,2,8,10,-4,15,69,0,0,2,0,0,27,38
Taylor Fedun,DAL,D,22,2,7,9,3,8,32,0,0,0,0,0,13,16
Nick Shore,WPG,C,25,2,2,4,3,12,10,0,0,0,0,0,21,7
Haydn Fleury,CAR,D,19,2,2,4,-3,4,26,0,0,0,0,0,13,17
Marco Scandella,BUF,D,26,2,5,7,11,8,33,0,0,0,0,0,26,28
Riley Nash,CLS,C,28,2,5,7,1,4,27,1,0,0,1,0,26,18
Mike Green,DET,D,27,2,5,7,-18,18,50,1,1,2,0,0,25,42
Richard Panik,WAS,RW,25,2,1,3,5,10,32,0,0,0,0,0,26,9
Mark Pysyk,FLA,D,24,2,2,4,-3,8,19,0,0,0,0,0,18,19
Justin Faulk,STL,D,35,2,8,10,-6,16,71,1,0,2,0,0,36,32
Nate Schmidt,VGK,D,24,2,11,13,-6,2,46,0,0,3,0,0,14,49
Taro Hirose,DET,LW,23,2,5,7,-11,6,16,0,0,5,0,0,11,12
Dennis Cholowski,DET,D,29,2,6,8,-22,4,43,1,1,4,0,0,14,27
Colin White,OTT,C,27,2,5,7,-7,22,38,0,0,1,0,0,16,12
Erik Gudbranson,ANH,D,29,2,3,5,8,70,40,0,0,0,0,0,48,31
Jordan Martinook,CAR,LW,18,2,4,6,-1,8,15,1,0,0,0,1,27,12
Alex Galchenyuk,PIT,RW,24,2,8,10,-2,6,47,0,1,3,0,0,21,5
Ross Johnston,NYI,LW,17,2,0,2,2,35,9,0,0,0,0,0,52,6
Pavel Zacha,NJ,C,29,2,11,13,-15,6,36,0,0,0,0,1,19,10
Filip Zadina,DET,LW,10,2,5,7,0,0,17,0,1,3,0,0,3,4
Joel Eriksson Ek,MIN,C,30,2,10,12,0,10,51,0,0,0,0,0,56,26
Travis Sanheim,PHI,D,33,2,6,8,0,14,53,0,0,0,0,0,14,31
Brandon Carlo,BOS,D,34,2,8,10,7,6,53,0,0,0,0,0,61,39
Filip Chlapik,OTT,C,18,2,3,5,-1,10,17,1,0,0,0,0,30,3
Matt Grzelcyk,BOS,D,34,2,7,9,1,16,62,0,0,3,0,1,28,35
John Klingberg,DAL,D,28,2,8,10,-8,14,59,0,1,5,0,0,18,37
Brett Ritchie,BOS,RW,19,2,2,4,-4,19,26,1,0,1,0,0,56,1
Mikko Koivu,MIN,C,28,2,10,12,2,10,46,0,1,5,0,1,9,18
P.K. Subban,NJ,D,32,2,3,5,-13,40,73,1,0,0,0,0,39,38
Brayden McNabb,VGK,D,36,2,4,6,-4,32,35,0,0,0,1,0,106,61
Connor Murphy,CHI,D,22,2,5,7,1,2,38,0,0,0,0,1,47,47
Mark Borowiecki,OTT,D,34,2,8,10,1,38,40,0,0,0,0,0,136,71
Justin Schultz,PIT,D,26,2,6,8,-5,0,62,0,0,3,0,0,26,22
Travis Hamonic,CGY,D,29,2,5,7,-5,19,40,0,0,0,0,0,20,63
Nick Leddy,NYI,D,23,2,9,11,5,6,27,0,1,1,0,0,22,29
Colton Parayko,STL,D,35,2,11,13,4,8,75,0,0,2,0,1,44,63
Sam Steel,ANH,C,28,2,8,10,-7,8,36,0,1,3,0,0,12,10
Vladislav Gavrikov,CLS,D,32,2,2,4,2,12,38,0,0,0,0,0,32,33
Travis Boyd,WAS,C,17,2,6,8,7,0,18,0,0,1,0,0,7,5
Gerald Mayhew,MIN,C,7,2,0,2,2,2,9,0,0,0,0,0,5,2
Joakim Nygard,EDM,LW,19,2,3,5,-2,6,26,0,1,0,0,0,16,5
Morgan Frost,PHI,C,13,2,3,5,-4,2,27,0,0,0,1,0,4,3
Troy Stecher,VAN,D,34,2,5,7,1,22,42,0,0,0,0,0,38,30
Nate Thompson,MON,C,33,2,7,9,0,9,33,1,0,0,0,1,53,29
Luca Sbisa,WPG,D,21,2,4,6,4,10,29,0,0,0,0,0,43,31
Jake McCabe,BUF,D,32,2,5,7,-1,16,40,1,0,0,0,0,51,54
Tyler Pitlick,PHI,C,28,2,4,6,-3,6,23,0,0,0,0,0,54,14
Esa Lindell,DAL,D,35,2,8,10,8,4,47,1,1,2,0,1,36,64
Austin Czarnik,CGY,C,8,2,1,3,1,0,9,0,1,0,0,0,1,2
Nic Dowd,WAS,C,23,2,4,6,5,8,13,1,0,0,1,0,31,7
Brandon Montour,BUF,D,20,2,8,10,5,12,43,0,0,1,0,0,17,18
Zac Rinaldo,CGY,C,5,2,1,3,1,19,6,1,0,0,0,0,16,0
Oliver Ekman-Larsson,ARI,D,35,2,9,11,-2,12,72,0,0,3,0,0,63,39
Matt Martin,NYI,LW,19,2,1,3,2,0,13,1,0,0,0,0,89,5
Jake Gardiner,CAR,D,33,2,6,8,-17,18,42,1,0,3,0,0,26,25
Josh Brown,FLA,D,28,2,2,4,-6,16,19,1,0,0,0,0,38,26
Ryan Murray,CLS,D,24,2,5,7,-7,4,29,0,0,1,0,0,12,43
Mike Matheson,FLA,D,27,2,2,4,-7,2,57,0,0,1,0,0,20,26
Dylan Gambrell,SJ,C,29,2,4,6,-10,13,19,0,0,1,0,0,18,20
Tucker Poolman,WPG,D,31,1,10,11,2,4,33,0,0,0,0,0,26,30
Joel L'Esperance,DAL,C,3,1,0,1,0,2,2,0,0,0,0,0,1,1
Logan O'Connor,COL,C,7,1,0,1,3,2,8,0,0,0,0,0,3,4
Chad Ruhwedel,PIT,D,10,1,2,3,0,10,16,0,0,0,0,0,37,3
Ryan Carpenter,CHI,C,33,1,7,8,0,12,30,0,0,0,1,1,62,22
Cole Bardreau,NYI,LW,9,1,1,2,-1,6,9,1,0,0,0,0,19,1
Colby Cave,EDM,C,5,1,0,1,-1,2,2,0,0,0,0,0,12,0
Vladislav Kamenev,COL,C,17,1,3,4,1,4,17,1,0,1,0,0,9,9
Luke Schenn,TB,D,13,1,0,1,-7,13,13,0,0,0,0,0,38,11
Tyler Myers,VAN,D,34,1,6,7,-3,24,65,0,0,1,1,0,43,46
Michael Del Zotto,ANH,D,22,1,4,5,8,4,21,0,0,1,0,0,44,25
David Backes,BOS,RW,12,1,2,3,-2,16,22,1,1,0,0,0,19,2
Bobby Ryan,OTT,RW,16,1,3,4,0,11,21,0,0,0,0,0,24,3
Marc Staal,NYR,D,17,1,2,3,3,12,17,0,0,0,0,0,21,32
Brad Richardson,ARI,C,28,1,3,4,5,8,32,1,0,0,0,0,33,24
Calvin de Haan,CHI,D,29,1,5,6,10,10,42,0,0,0,0,0,93,73
Jonas Brodin,MIN,D,34,1,13,14,9,6,42,0,0,0,0,1,27,45
Daniel Carr,NSH,LW,11,1,0,1,-5,4,14,0,0,0,0,0,10,2
Luke Witkowski,TB,RW,12,1,2,3,-4,13,10,0,0,0,0,0,38,3
Dmitry Kulikov,WPG,D,25,1,3,4,2,18,28,0,0,0,0,0,40,38
Michael Stone,CGY,D,18,1,2,3,0,10,26,0,0,0,0,0,26,26
Erik Johnson,COL,D,23,1,5,6,-4,6,39,0,0,0,0,0,37,48
Jay Bouwmeester,STL,D,35,1,5,6,4,12,34,0,0,0,0,1,28,41
Dean Kukan,CLS,D,25,1,3,4,-7,6,36,0,1,0,0,0,19,23
Klim Kostin,STL,RW,4,1,0,1,1,0,5,0,0,0,0,0,6,0
Noah Gregor,SJ,C,18,1,0,1,-5,2,17,0,0,0,0,0,24,3
Jan Rutta,TB,D,14,1,3,4,-2,8,17,0,0,0,0,0,10,12
Adam Boqvist,CHI,D,10,1,1,2,-4,4,13,0,0,1,0,0,6,7
Barrett Hayton,ARI,C,14,1,3,4,1,12,20,1,0,0,0,0,10,2
Par Lindholm,BOS,C,20,1,0,1,2,4,16,0,0,0,0,0,12,8
Ryan Lindgren,NYR,D,23,1,6,7,6,14,20,0,0,0,0,0,38,26
Jacob Larsson,ANH,D,25,1,2,3,-3,8,27,0,0,0,0,0,14,24
Matt Luff,LA,RW,10,1,3,4,3,2,13,0,0,0,0,0,9,3
Marcus Pettersson,PIT,D,33,1,9,10,1,10,35,0,0,1,0,0,55,31
Josh Anderson,CLS,RW,26,1,3,4,-8,17,63,0,0,0,0,0,68,13
Valentin Zykov,VGK,RW,11,1,2,3,0,4,17,0,1,0,0,0,17,3
Brian Dumoulin,PIT,D,23,1,6,7,17,8,33,0,0,1,1,0,39,27
Deryk Engelland,VGK,D,31,1,4,5,5,20,40,1,0,0,0,1,80,55
Riley Sheahan,EDM,C,31,1,1,2,-11,0,30,0,0,0,0,0,14,10
Johnny Boychuk,NYI,D,30,1,6,7,4,10,46,0,1,0,0,0,68,58
Ian Cole,COL,D,28,1,11,12,17,24,30,1,0,0,0,0,38,64
Cody Ceci,TOR,D,34,1,6,7,7,12,33,1,0,0,0,0,54,59
Gemel Smith,TB,C,3,1,0,1,0,4,1,0,0,0,0,0,1,2
Micheal Ferland,VAN,LW,14,1,4,5,-3,7,15,0,0,0,0,0,40,2
John Moore,BOS,D,5,1,1,2,1,9,9,0,0,0,0,0,8,6
Micheal Haley,NYR,LW,15,1,0,1,-4,40,9,0,0,0,0,0,24,5
Chris Tanev,VAN,D,34,1,8,9,3,12,20,0,0,0,0,1,19,78
Vladimir Sobotka,BUF,C,16,1,2,3,2,4,23,0,0,0,0,0,26,7
Niklas Hjalmarsson,ARI,D,4,1,0,1,1,0,4,0,0,0,0,0,2,4
Braydon Coburn,TB,D,17,1,0,1,2,4,21,0,0,0,0,0,24,10
Brandon Manning,EDM,D,9,1,0,1,-1,17,8,0,0,0,0,0,10,6
Curtis Lazar,BUF,C,6,1,0,1,-2,7,2,0,0,0,0,0,13,5
Jayce Hawryluk,FLA,C,8,1,2,3,-1,4,5,0,0,0,0,0,16,5
Logan Brown,OTT,C,19,1,7,8,-1,4,20,1,1,2,0,0,9,10
Vitali Abramov,OTT,RW,2,1,0,1,0,2,3,0,0,0,0,0,0,0
Rasmus Dahlin,BUF,D,26,1,17,18,2,20,39,0,0,8,0,0,33,15
Nick Caamano,DAL,RW,12,1,1,2,2,4,13,0,0,0,0,0,17,3
Cale Fleury,MON,D,27,1,0,1,-6,2,26,0,0,0,0,0,71,33
Nicolas Roy,VGK,C,7,1,2,3,1,6,6,1,0,0,0,0,11,2
Nathan Walker,STL,C,5,1,1,2,-2,4,6,0,0,0,0,0,10,1
Logan Shaw,WPG,RW,19,1,0,1,-3,0,9,0,0,0,0,0,12,9
Adam Pelech,NYI,D,31,1,6,7,5,18,40,0,0,0,0,1,60,71
Mirco Mueller,NJ,D,19,1,0,1,-9,11,9,0,0,0,0,0,16,25
Scott Sabourin,OTT,RW,11,1,1,2,-3,13,9,0,0,0,0,0,26,5
Jamie Oleksiak,DAL,D,35,1,5,6,0,23,37,0,0,0,0,0,58,31
Miikka Salomaki,NSH,RW,5,1,0,1,2,4,2,1,0,0,0,0,9,3
Brenden Dillon,SJ,D,35,1,7,8,-8,50,36,0,0,0,0,1,110,34
T.J. Brodie,CGY,D,30,1,9,10,5,16,30,0,0,1,0,0,10,42
Yakov Trenin,NSH,C,4,1,0,1,1,2,7,0,0,0,0,0,6,2
Jonas Siegenthaler,WAS,D,35,1,4,5,6,20,24,1,0,0,0,0,31,55
Carsen Twarynski,PHI,LW,15,1,0,1,-2,4,14,0,0,0,0,0,40,8
Patrik Nemeth,DET,D,29,1,4,5,-6,12,46,1,0,0,0,0,28,36
Nick Bjugstad,PIT,C,10,1,0,1,2,8,16,0,0,0,0,0,19,6
Loui Eriksson,VAN,RW,17,1,0,1,-3,8,15,0,0,0,0,0,1,7
Ron Hainsey,OTT,D,34,1,6,7,2,6,26,1,0,0,0,2,29,49
Sam Gagner,EDM,C,18,1,7,8,-2,2,32,0,0,1,0,0,11,5
Paul Byron,MON,C,19,1,3,4,3,4,11,0,0,0,0,0,28,11
Josh Archibald,EDM,RW,27,1,0,1,-12,6,29,0,0,0,0,0,64,15
Colin Miller,BUF,D,26,1,5,6,-6,8,40,1,0,3,0,0,41,22
Gabriel Bourque,WPG,LW,19,1,3,4,1,0,18,0,0,0,0,0,53,16
Devin Shore,ANH,C,18,1,3,4,-2,4,24,0,0,1,0,0,19,7
Nikita Zadorov,COL,D,29,1,3,4,3,43,32,0,0,0,0,0,92,38
Olli Maatta,CHI,D,30,1,7,8,-3,4,39,0,0,0,0,1,62,54
Joseph Blandisi,PIT,C,13,1,2,3,-1,4,7,1,0,0,0,0,19,7
Samuel Girard,COL,D,33,1,11,12,2,9,41,0,1,4,0,0,27,47
Jordan Kyrou,STL,RW,4,1,0,1,-1,0,7,0,0,0,0,0,4,2
Josh Mahura,ANH,D,11,1,3,4,-3,2,11,0,0,0,0,0,2,11
Radim Simek,SJ,D,16,1,3,4,-12,8,15,0,0,0,0,0,36,22
Ville Heinola,WPG,D,8,1,4,5,3,4,10,0,0,1,0,0,3,5
Hampus Lindholm,ANH,D,25,1,13,14,-3,22,44,0,1,3,0,2,10,32
Kyle Capobianco,ARI,D,7,1,0,1,-1,2,6,0,0,0,0,0,8,9
Joakim Ryan,LA,D,22,1,2,3,1,6,25,0,0,0,0,0,12,31
Ryan McDonagh,TB,D,31,1,8,9,2,11,32,0,0,0,0,1,22,66
Troy Brouwer,STL,RW,9,1,0,1,1,5,8,0,0,0,0,0,18,5
Zack Smith,CHI,C,27,1,4,5,-2,15,25,0,0,0,0,1,57,10
Duncan Keith,CHI,D,25,1,5,6,1,12,37,0,0,2,0,0,11,50
Justin Holl,TOR,D,32,1,9,10,9,18,37,0,0,0,0,0,45,27
Carl Gunnarsson,STL,D,17,1,3,4,1,10,9,0,0,0,0,1,12,21
Zach MacEwen,VAN,C,8,1,1,2,3,2,3,0,0,0,0,0,21,2
Christoffer Ehn,DET,C,24,1,0,1,-10,2,13,0,0,0,0,0,28,10
Adam Johnson,PIT,C,7,1,1,2,-1,2,5,0,0,0,0,0,4,3
David Gustafsson,WPG,C,22,1,0,1,-2,0,4,1,0,0,0,0,5,6
Nicolas Deslauriers,ANH,LW,21,1,3,4,-2,46,18,0,0,0,0,0,53,8
Greg McKegg,NYR,C,20,1,2,3,0,7,16,0,0,0,1,0,30,5
Jay Beagle,VAN,C,25,1,2,3,-5,18,27,1,0,0,1,1,29,14
Trevor Lewis,LA,C,27,1,4,5,-1,10,47,0,0,0,0,0,40,13
Ben Hutton,LA,D,35,1,4,5,-3,6,59,0,0,0,0,0,25,47
Carter Verhaeghe,TB,C,21,1,3,4,-4,4,25,0,0,0,0,0,7,0
Alan Quine,CGY,C,9,1,0,1,-1,4,12,0,0,0,0,0,6,2
Stefan Noesen,PIT,C,6,1,0,1,0,0,8,0,0,0,0,0,10,1
Pierre Engvall,TOR,LW,12,1,4,5,3,0,13,1,0,0,1,1,7,3
Oscar Fantenberg,VAN,D,7,1,0,1,4,0,10,0,0,0,0,0,12,10
Brendan Guhle,ANH,D,18,1,3,4,-3,8,22,0,0,0,0,0,8,20
Rasmus Asplund,BUF,C,16,1,2,3,2,4,25,0,0,0,0,1,12,3
Matthew Highmore,CHI,C,5,0,0,0,0,0,2,0,0,0,0,0,6,0
Mikhail Vorobyov,PHI,C,10,0,1,1,-1,0,7,0,0,0,0,0,3,2
Tyler Motte,VAN,C,7,0,1,1,-1,2,4,0,0,0,0,0,28,10
Nikita Zaitsev,OTT,D,32,0,8,8,-1,8,35,0,0,0,0,0,55,74
German Rubtsov,PHI,C,3,0,0,0,-1,0,1,0,0,0,0,0,2,4
Max Veronneau,OTT,RW,4,0,0,0,-2,0,3,0,0,0,0,0,2,2
Nicolas Hague,VGK,D,25,0,6,6,-1,20,27,0,0,3,0,0,42,17
Mario Ferraro,SJ,D,32,0,5,5,-10,18,28,0,0,0,0,1,64,23
Mason Appleton,WPG,C,9,0,0,0,-1,2,9,0,0,0,0,0,6,4
Andy Andreoff,PHI,C,6,0,1,1,0,0,8,0,0,0,0,0,9,3
Mark Jankowski,CGY,C,31,0,1,1,-10,10,15,0,0,0,0,0,10,16
Boo Nieves,NYR,C,4,0,0,0,2,4,2,0,0,0,0,0,3,2
Evan Rodrigues,BUF,C,18,0,2,2,-5,2,30,0,0,0,0,0,9,2
Alexander Volkov,TB,LW,4,0,0,0,-5,0,3,0,0,0,0,0,5,1
Mitchell Stephens,TB,C,4,0,0,0,-4,0,5,0,0,0,0,0,3,2
Joe Hicketts,DET,D,6,0,2,2,-5,2,6,0,0,0,0,0,14,13
Clark Bishop,CAR,C,5,0,1,1,-2,4,4,0,0,0,0,0,5,0
Nikolay Goldobin,VAN,RW,1,0,0,0,0,0,0,0,0,0,0,0,1,0
Tomas Jurco,EDM,RW,12,0,2,2,1,4,7,0,0,0,0,0,4,3
Carl Hagelin,WAS,LW,24,0,6,6,3,4,34,0,0,0,0,1,10,8
Adam Larsson,EDM,D,14,0,1,1,-7,17,17,0,0,0,0,0,24,27
Brandon Pirri,VGK,C,11,0,1,1,-3,6,19,0,0,0,0,0,9,2
Martin Fehervary,WAS,D,3,0,0,0,0,2,4,0,0,0,0,0,6,0
Colin Blackwell,NSH,C,2,0,0,0,1,0,3,0,0,0,0,0,4,0
Anton Wedin,CHI,LW,4,0,0,0,1,4,2,0,0,0,0,0,5,1
Dylan Sikura,CHI,LW,2,0,0,0,-1,0,2,0,0,0,0,0,0,0
Brett Seney,NJ,LW,2,0,0,0,-1,0,1,0,0,0,0,0,2,0
Henrik Borgstrom,FLA,C,4,0,0,0,-2,2,3,0,0,0,0,0,1,0
Max Lajoie,OTT,D,4,0,0,0,0,0,2,0,0,0,0,0,1,2
Beck Malenstyn,WAS,C,3,0,0,0,-1,0,4,0,0,0,0,0,5,1
Kevin Rooney,NJ,C,19,0,1,1,0,11,18,0,0,0,0,0,21,9
Justin Braun,PHI,D,33,0,5,5,-14,10,43,0,0,0,0,0,43,46
Jon Merrill,VGK,D,33,0,3,3,3,20,27,0,0,0,0,0,33,48
Alexander Steen,STL,LW,19,0,5,5,5,6,24,0,0,0,0,0,5,22
Jason Demers,ARI,D,30,0,5,5,1,17,31,0,0,0,0,1,42,41
Mikkel Boedker,OTT,LW,6,0,1,1,1,0,5,0,0,0,0,0,1,1
Cody Goloubef,OTT,D,8,0,0,0,2,2,4,0,0,0,0,0,15,5
Jacob Middleton,SJ,D,1,0,0,0,0,0,0,0,0,0,0,0,2,1
Caleb Jones,EDM,D,13,0,1,1,-5,2,10,0,0,0,0,0,10,13
Matt Benning,EDM,D,24,0,5,5,8,10,18,0,0,0,0,0,50,20
Sami Niku,WPG,D,1,0,0,0,0,0,1,0,0,0,0,0,2,3
Kevin Stenlund,CLS,C,1,0,0,0,0,2,1,0,0,0,0,0,0,0
Alex Biega,DET,D,17,0,0,0,-3,4,15,0,0,0,0,0,35,17
Marko Dano,CLS,C,1,0,0,0,0,0,0,0,0,0,0,0,2,3
Robert Hagg,PHI,D,19,0,3,3,-4,10,15,0,0,0,0,0,57,34
Lean Bergmann,SJ,LW,8,0,1,1,-5,2,9,0,0,0,0,0,10,4
Joachim Blichfeld,SJ,LW,2,0,0,0,-1,0,1,0,0,0,0,0,3,2
Christian Jaros,OTT,D,1,0,0,0,-1,4,0,0,0,0,0,0,2,0
C.J. Suess,WPG,LW,1,0,0,0,-1,0,0,0,0,0,0,0,1,0
Lukas Radil,SJ,LW,14,0,0,0,-3,8,12,0,0,0,0,0,16,2
Oliver Wahlstrom,NYI,RW,9,0,0,0,-2,4,9,0,0,0,0,0,10,4
Rasmus Sandin,TOR,D,6,0,2,2,0,2,5,0,0,0,0,0,5,3
Juuso Riikola,PIT,D,12,0,1,1,0,2,17,0,0,0,0,0,27,8
Jonny Brodzinski,SJ,RW,3,0,1,1,0,0,5,0,0,0,0,0,3,0
Connor Bunnaman,PHI,C,4,0,0,0,0,0,4,0,0,0,0,0,5,1
Andrew Peeke,CLS,D,6,0,1,1,5,2,3,0,0,0,0,0,12,8
Libor Hajek,NYR,D,27,0,5,5,-2,12,22,0,0,0,0,0,23,42
David Kase,PHI,RW,3,0,0,0,-1,0,4,0,0,0,0,0,3,1
Evgeny Svechnikov,DET,LW,4,0,0,0,-1,2,7,0,0,0,0,0,5,1
Pontus Aberg,TOR,LW,3,0,1,1,0,0,2,0,0,0,0,0,0,1
Derrick Pouliot,STL,D,2,0,0,0,-1,2,1,0,0,0,0,0,2,1
John Hayden,NJ,C,11,0,1,1,-1,2,8,0,0,0,0,0,22,6
Trevor Carrick,SJ,D,3,0,0,0,0,5,1,0,0,0,0,0,1,0
Andrew Agozzino,PIT,LW,1,0,0,0,-1,0,0,0,0,0,0,0,1,0
Joe Thornton,SJ,C,35,0,12,12,-9,22,31,0,0,1,0,0,12,13
Frans Nielsen,DET,C,31,0,1,1,-9,4,48,0,0,0,0,1,19,17
Brian Gibbons,CAR,C,13,0,0,0,-6,2,9,0,0,0,0,0,5,9
Yannick Weber,NSH,D,19,0,1,1,2,4,17,0,0,0,0,0,16,10
Kevin Connauton,COL,D,1,0,0,0,0,0,2,0,0,0,0,0,3,1
Beck Malenstyn,FA,C,3,0,0,0,-1,0,4,0,0,0,0,0,5,1
Conor Timmins,COL,D,2,0,0,0,2,0,1,0,0,0,0,0,0,0
Riley Stillman,FLA,D,3,0,0,0,-2,5,7,0,0,0,0,0,2,4
Jonathan Davidsson,OTT,RW,6,0,1,1,0,0,3,0,0,0,0,0,5,1
Tim Gettinger,NYR,LW,2,0,1,1,1,0,3,0,0,0,0,0,5,1
Kole Sherwood,CLS,C,3,0,0,0,0,2,6,0,0,0,0,0,10,1
Nick Jensen,WAS,D,35,0,2,2,-8,0,30,0,0,1,0,0,30,36
Anthony Richard,NSH,C,1,0,0,0,-1,0,2,0,0,0,0,0,0,0
Paul LaDue,LA,D,2,0,1,1,0,0,2,0,0,0,0,0,2,3
Tobias Bjornfot,LA,D,3,0,0,0,-4,0,0,0,0,0,0,0,0,0
Otto Leskinen,MON,D,5,0,0,0,0,0,2,0,0,0,0,0,13,1
Joona Luoto,WPG,RW,14,0,0,0,-3,2,6,0,0,0,0,0,7,8
Andrej Sekera,DAL,D,31,0,3,3,6,12,35,0,0,0,0,0,20,52
Sam Carrick,ANH,C,2,0,1,1,0,0,4,0,0,0,0,0,4,2
Gabriel Dumont,MIN,C,3,0,0,0,-1,0,3,0,0,0,0,0,9,2
Leo Komarov,NYI,LW,15,0,4,4,2,2,12,0,0,0,0,1,38,6
Scott Harrington,CLS,D,9,0,2,2,-6,4,9,0,0,0,0,0,14,12
Steve Kampfer,BOS,D,4,0,0,0,2,2,4,0,0,0,0,0,6,4
Peter Cehlarik,BOS,C,3,0,1,1,-1,2,0,0,0,0,0,0,2,2
Samuel Morin,PHI,D,1,0,0,0,-1,0,0,0,0,0,0,0,2,0
Jordie Benn,VAN,D,34,0,6,6,-5,15,48,0,0,0,0,0,29,50
Andreas Englund,OTT,D,1,0,0,0,-1,0,1,0,0,0,0,0,1,0
Jordan Oesterle,ARI,D,27,0,6,6,0,8,34,0,0,1,0,0,23,47
Brendan Perlini,DET,LW,20,0,1,1,-11,6,30,0,0,0,0,0,12,5
Eetu Luostarinen,CAR,LW,8,0,1,1,-2,0,9,0,0,0,0,0,9,2
Ryan Poehling,MON,C,6,0,0,0,0,0,5,0,0,0,0,0,7,3
Drake Batherson,OTT,RW,2,0,0,0,-4,2,0,0,0,0,0,0,1,2
Joel Persson,EDM,D,13,0,2,2,-1,2,17,0,0,0,0,0,6,10
Ilya Lyubushkin,ARI,D,22,0,1,1,2,12,21,0,0,0,0,0,64,22
Sheldon Dries,COL,C,1,0,0,0,-1,0,0,0,0,0,0,0,7,2
Trent Frederic,BOS,C,2,0,0,0,-1,0,1,0,0,0,0,0,8,0
Tage Thompson,BUF,RW,1,0,0,0,0,0,0,0,0,0,0,0,2,0
Dryden Hunt,FLA,LW,20,0,4,4,0,24,32,0,0,0,0,0,35,6
Nick Seeler,MIN,D,6,0,0,0,-6,8,4,0,0,0,0,0,5,9
Tim Heed,SJ,D,21,0,1,1,-1,2,25,0,0,0,0,0,12,17
Michael McLeod,NJ,C,2,0,2,2,2,2,0,0,0,0,0,0,2,1
Zachary Senyshyn,BOS,RW,4,0,2,2,1,0,1,0,0,0,0,0,2,1
Rhett Gardner,DAL,C,8,0,0,0,0,2,8,0,0,0,0,0,8,2
Adam Erne,DET,LW,27,0,0,0,-13,20,32,0,0,0,0,0,73,13
T.J. Tynan,COL,C,14,0,1,1,-1,2,7,0,0,0,0,0,7,3
Brendan Gaunce,BOS,C,1,0,1,1,1,2,0,0,0,0,0,0,2,0
Robert Bortuzzo,STL,D,16,0,1,1,7,8,11,0,0,0,0,0,25,16
Dalton Prout,SJ,D,2,0,0,0,0,7,2,0,0,0,0,0,3,3
Sven Baertschi,VAN,LW,6,0,2,2,-2,4,7,0,0,2,0,0,5,0
Josh Manson,ANH,D,14,0,3,3,-2,15,19,0,0,0,0,0,33,20
Gustav Olofsson,MON,D,3,0,0,0,-4,2,2,0,0,0,0,0,1,6
Carl Dahlstrom,WPG,D,12,0,0,0,-3,4,8,0,0,0,0,0,5,12
Tyler Lewington,WAS,D,6,0,0,0,-2,17,2,0,0,0,0,0,13,7
Austin Poganski,STL,RW,1,0,0,0,0,0,0,0,0,0,0,0,0,0
Chris Stewart,PHI,RW,12,0,1,1,-5,14,4,0,0,0,0,0,26,4
Jonathan Ericsson,DET,D,9,0,0,0,-7,0,8,0,0,0,0,0,13,4
Colin Wilson,COL,LW,9,0,4,4,6,0,12,0,0,0,0,0,8,2
Aaron Ness,ARI,D,15,0,1,1,4,0,8,0,0,0,0,0,11,11
Mark Barberio,COL,D,13,0,2,2,8,12,20,0,0,0,0,0,10,13
Matt Irwin,NSH,D,14,0,1,1,-6,9,18,0,0,0,0,0,21,13
Michael Sgarbossa,WAS,LW,2,0,0,0,0,0,1,0,0,0,0,0,3,0
Matt Tennyson,NJ,D,19,0,3,3,-1,6,12,0,0,0,0,0,27,17
Paul Carey,BOS,RW,1,0,0,0,-1,0,0,0,0,0,0,0,0,1
Radko Gudas,WAS,D,35,0,8,8,13,30,44,0,0,0,0,0,97,45
Jayson Megna,COL,LW,8,0,0,0,-1,2,4,0,0,0,0,0,10,5
Zach Bogosian,BUF,D,10,0,3,3,2,4,9,0,0,0,0,0,11,12
Cory Conacher,TB,LW,4,0,1,1,-2,4,5,0,0,0,0,0,3,1
Kris Russell,EDM,D,35,0,4,4,1,10,27,0,0,0,0,0,48,77
Dylan McIlrath,DET,D,16,0,0,0,-4,23,14,0,0,0,0,0,48,12
Nicolas Petan,TOR,C,16,0,3,3,-4,4,19,0,0,0,0,0,7,4
Christian Folin,MON,D,5,0,1,1,2,2,2,0,0,0,0,0,14,9
Jean-Sebastien Dea,BUF,C,1,0,0,0,0,0,0,0,0,0,0,0,0,0
John Gilmour,BUF,D,4,0,0,0,-2,0,5,0,0,0,0,0,3,3
Charlie McAvoy,BOS,D,34,0,12,12,12,21,41,0,0,1,0,0,75,69
Oliver Kylington,CGY,D,25,0,3,3,-2,10,20,0,0,0,0,0,15,19
Patrick Russell,EDM,RW,27,0,4,4,-2,6,32,0,0,0,0,0,33,17
Noah Dobson,NYI,D,10,0,2,2,4,2,7,0,0,0,0,0,10,6
Jack Studnicka,BOS,C,2,0,1,1,2,2,3,0,0,0,0,0,2,0
Otto Koivula,NYI,C,6,0,0,0,0,2,2,0,0,0,0,0,7,3
Antti Suomela,SJ,C,5,0,1,1,1,0,2,0,0,0,0,0,5,3
Jakob Lilja,CLS,LW,10,0,2,2,-1,0,11,0,0,0,0,0,8,8
Jake Bischoff,VGK,D,4,0,0,0,-2,4,6,0,0,0,0,0,8,8
Lias Andersson,NYR,LW,17,0,1,1,-8,4,13,0,0,0,0,0,20,8
Urho Vaakanainen,BOS,D,5,0,0,0,2,0,2,0,0,0,0,0,8,3
Dennis Gilbert,CHI,D,10,0,1,1,-10,24,7,0,0,0,0,0,44,12
Ashton Sautner,VAN,D,1,0,0,0,0,0,1,0,0,0,0,0,0,0
Carl Grundstrom,LA,LW,9,0,4,4,2,4,14,0,0,0,0,0,20,3
Trevor Daley,DET,D,14,0,0,0,-5,8,13,0,0,0,0,0,3,12
Justin Abdelkader,DET,LW,20,0,3,3,0,4,17,0,0,0,0,0,42,14
Roman Polak,DAL,D,16,0,2,2,2,2,11,0,0,0,0,0,39,47
Alec Martinez,LA,D,24,0,5,5,-1,10,36,0,0,1,0,0,17,56
Mark Letestu,WPG,C,7,0,0,0,0,0,5,0,0,0,0,0,3,5
David Savard,CLS,D,33,0,5,5,0,25,38,0,0,0,0,0,65,67
Slater Koekkoek,CHI,D,14,0,3,3,-4,10,11,0,0,0,0,0,26,15
Mike Reilly,MON,D,11,0,4,4,1,4,18,0,0,0,0,0,11,11
Nathan Beaulieu,WPG,D,14,0,2,2,3,12,9,0,0,0,0,0,22,12
Brett Kulak,MON,D,22,0,2,2,-6,8,33,0,0,0,0,0,24,27
Brandon Davidson,CGY,D,3,0,0,0,-3,0,8,0,0,0,0,0,4,4
Riley Barber,MON,RW,3,0,0,0,0,2,4,0,0,0,0,0,13,0
Charles Hudon,MON,LW,9,0,1,1,-4,0,14,0,0,0,0,0,15,1
Dylan DeMelo,OTT,D,32,0,6,6,7,21,42,0,0,0,0,0,56,43
Nicolas Aube-Kubel,PHI,C,1,0,1,1,0,0,1,0,0,0,0,0,3,1
Matthew Peca,MON,C,4,0,0,0,-1,0,4,0,0,0,0,0,2,1
Zach Trotman,PIT,D,5,0,0,0,1,4,6,0,0,0,0,0,14,7
Anthony Bitetto,WPG,D,23,0,2,2,2,15,31,0,0,0,0,0,66,24
Korbinian Holzer,ANH,D,28,0,1,1,-2,27,25,0,0,0,0,1,61,60
Martin Marincin,TOR,D,7,0,0,0,-1,4,6,0,0,0,0,0,6,8
Tom Kuhnhackl,NYI,RW,6,0,0,0,-1,0,8,0,0,0,0,0,4,5
Andy Greene,NJ,D,28,0,4,4,-1,8,26,0,0,0,0,0,16,67
Dan Hamhuis,NSH,D,30,0,5,5,6,19,20,0,0,0,0,0,42,25
Kevin Gravel,TOR,D,3,0,0,0,0,0,2,0,0,0,0,0,2,3
Joel Hanley,DAL,D,8,0,2,2,0,6,4,0,0,0,0,0,3,8
Trevor van Riemsdyk,CAR,D,19,0,3,3,-5,6,22,0,0,0,0,0,8,12
Aleksi Saarela,FLA,C,3,0,0,0,0,0,3,0,0,0,0,0,0,1
Cameron Hughes,BOS,C,1,0,0,0,-1,0,0,0,0,0,0,0,1,2
Jean-Christophe Beaudin,OTT,C,16,0,1,1,-6,7,12,0,0,0,0,0,32,6
Connor Carrick,NJ,D,4,0,1,1,-3,2,4,0,0,0,0,0,4,6
Steve Santini,NSH,D,2,0,0,0,1,2,1,0,0,0,0,0,3,0
Jordan Szwarz,OTT,RW,3,0,0,0,0,2,2,0,0,0,0,0,6,1
Danny DeKeyser,DET,D,8,0,4,4,0,4,12,0,0,0,0,0,6,18
Danil Yurtaikin,SJ,LW,4,0,0,0,-1,0,2,0,0,0,0,0,3,2
Mathieu Olivier,NSH,RW,8,0,1,1,1,4,6,0,0,0,0,0,17,1
Calle Rosen,COL,D,8,0,2,2,2,4,10,0,0,0,0,0,3,5
Givani Smith,DET,LW,5,0,0,0,0,5,5,0,0,0,0,0,9,0
Julien Gauthier,CAR,RW,5,0,1,1,2,6,1,0,0,0,0,0,4,0
Isac Lundestrom,ANH,LW,3,0,0,0,2,0,3,0,0,0,0,0,1,1
Erik Brannstrom,OTT,D,24,0,2,2,-9,14,26,0,0,1,0,0,9,22
Brennan Menell,MIN,D,4,0,0,0,1,2,3,0,0,0,0,0,2,4
Karson Kuhlman,BOS,C,8,0,0,0,-2,2,13,0,0,0,0,0,9,3